"state","GEOID","county_name","nTracts","nZip","ovarea3","ovpct3","arearank3","RpctTfld","Rscen3","ovarea6","ovpct6","arearank6","RtrFld6","Rscen6","ctyEmp","empz","empzw3","Remp3","empzw6","Remp6","RsmEmp3","RsmEmp6","commEng","commRel","recEng","recRel","mnFshScr","Rfish","fshRnk","pop15","ppct3","popw3","rankp3","ppct6","popw6","rankp6","houseu","hpct3","housew3","rankh3","hpct6","housew6","rankh6","smHse","seashw3","smHse3","seashw6","smHse6","sovich3","sovi3","sovich6","sovi6","OempTot","OceanPct","OceanRnk","totRd3","fldRoad3","pctRd3","rd3kmRnk","rd3PcRnk","rdRnkMn3","totRd6","fldRd6","pctRd6","rd6KmRnk","rd6PctRnk","rdRnkMn6","totRl3","fldRl3","pctRl3","rl3kmRnk","rl3PctRnk","rlRnkKmMn3","totRl6","fldRl6","pctRl6","rl6kmRnk","rl6PctRnk","rlRnkKmMn6","rr3Rank","rrRnk3Mean","rr6Rnk","rrRnk6Mn","totInfra","rnkScr3","rnkInfFld3","rnkScr6","rnkInfFld6"
"Delaware","10000","State Summary",127,35,"629498708.00","31.80",2,36.3,22.3,"756475240.00","38.20",24.7,36.3,42.7,"429370","232007.90","45954.20",12.3,37.7,"63975.20",15,36.7,1.04,1.04,1.13,1.26,1.118,,22.7,"509581","10.00","51154.50",43.3,"12.90","65694.20",42.3,"241799","14.80","35811.80",42.7,"19.40","46984.70",40.3,"32806","18711.30",25.7,"23085",81,,28,,62,"24411","10.50",30,220.7,6,"2.70",26.5,32,29.3,220.7,9.7,"4.40",58,32.5,30.8,59.9,17.1,"28.50",12.5,4.5,8.5,172.9,34.6,"20.00",19,24,21.5,26.7,18.9,36.7,30.8,208,88.1,24.7,34.6,21.3
"Delaware","10001","Kent",23,7,"242260556.70","39.00",1,25,47,"285966938.60","46.00",23,27,63,"65987","43437.30","11158.90",15,40,"12853.00",20,39,1,1.07,1,1.22,1.074,27,14,"115771","6.10","7045.70",55,"7.60","8772.40",54,"46247","6.80","3148.50",55,"8.50","3908.30",54,955,337.5,26,362,25,258.93,21,246.5,62,"5277","8.00",29,,,,,,,,,,,,,,,,,,,,,,,,,46,,47,,73,33.4,33,40.4,34
"Delaware","10003","New Castle",77,15,"135216842.30","22.30",2,49,12,"158612130.80","26.10",30,50,34,"286566","146381.40","20351.20",8,13,"33033.00",9,12,1.04,1,1,1.08,1.031,34,16,"306913","7.60","23308.70",53,"9.80","29949.60",52,"123346","7.20","8849.00",54,"9.40","11566.00",52,735,74.6,8,101,10,-185.76,48,-187.18,63,"10159","3.50",46,220.71,6.01,"2.70",11,22,16.5,220.71,9.65,"4.40",16,23,19.5,53.9,15.01,"27.90",5,6,5.5,129.08,31.22,"24.20",8,15,11.5,5,11,21,19.5,68,28.2,31,31.8,21
"Delaware","10005","Sussex",27,13,"252021309.40","33.60",3,35,8,"311896169.50","41.60",21,32,31,"76817","42189.20","14444.10",14,60,"18089.20",16,59,1.09,1.04,1.39,1.48,1.25,19,38,"86897","23.90","20800.10",22,"31.00","26972.20",21,"72206","33.00","23814.30",19,"43.60","31510.40",15,"31116","18299.20",43,"22621",46,587.04,15,648.46,61,"8975","11.70",15,,,,42,42,42,,,,42,42,42,6,2.14,"35.60",20,3,11.5,43.78,3.37,"7.70",30,33,31.5,29,26.8,42,42,67,26.5,10,31.6,9
"Maryland","24000","State Summary","1108",210,"8680767736.00","36.40",11.5,37,27,"9748593723.00","40.80",16.6,39.1,47.1,"1653101","906749.20","76561.50",39.6,33.5,"94304.20",41.1,32.3,0.66,0.64,1.21,1.32,0.957,,18.1,"4521064","10.70","484585.50",31.6,"12.30","554303.20",33.3,"1987710","12.90","256179.70",31.1,"15.10","299607.80",32.8,"90398","61525.70",37.4,"69327",581,,30.4,,52.5,"87097","9.60",27.6,768.6,40.6,"5.30",31.9,30.6,31.3,867,44.2,"5.10",367,32.7,33,171.1,5.1,"3.00",37.8,38,37.91,237.8,11.5,"4.80",40.4,40.6,40.5,36.5,34.6,33.2,33,"1173",486.6,20.4,34.6,22.4
"Maryland","24003","Anne Arundel",208,36,"329820436.30","17.70",4,55,20,"370295580.00","19.80",16,56,36,"267653","260229.40","19217.70",10,21,"21887.90",15,17,0.69,0.69,1.13,1.03,0.883,55,11,"1110560","11.60","128671.30",46,"13.00","144233.60",47,"435090","11.80","51232.90",46,"13.10","56840.20",47,"5940","2345.40",34,"2654",32,-266.7,54,-297.62,60,"27839","10.40",20,269.76,0.54,"0.20",31,33,32,269.76,0.61,"0.20",31,33,32,13.5,0.38,"2.80",36,38,37,13.49,0.42,"3.10",41,44,42.5,39,34.5,32,32,346,29.6,15,32,18
"Maryland","24005","Baltimore",127,14,"391370436.50","52.90",5,14,17,"415351713.90","56.20",11,18,42,"373523","65299.70","7359.80",26,15,"9334.40",28,13,0.79,0.79,1,1,0.894,54,13,"457654","13.50","61766.00",40,"15.90","72565.20",42,"192004","13.50","25986.30",41,"15.90","30580.80",42,"1088",551.5,40,606,39,9.82,28,-20.39,51,"6224","1.70",54,370.02,15.97,"4.30",4,18,11,399.03,19.26,"4.80",6,22,14,30.1,1.49,"5.00",23,29,26,52.15,5.87,"11.20",24,27,25.5,17,18.5,13,14,44,28.8,14,33.1,16
"Maryland","24009","Calvert",36,13,"217725277.10","18.50",7,54,24,"232667858.40","19.80",25,57,53,"24142","22636.20","3540.30",37,30,"3904.60",42,29,0.43,0.43,1.86,1.43,1.036,32,21,"180228","16.90","30477.30",31,"18.20","32757.40",37,"68768","17.70","12195.00",30,"19.10","13109.30",36,"2670",984.1,28,"1054",28,-144.56,43,-152.94,56,"2576","10.70",19,,,,,,,,,,,,,,,,,,,,,,,,,,,,,92,29.9,30,35.3,35
"Maryland","24015","Cecil",26,13,"375080171.10","24.70",8,46,7,"388824730.60","25.60",14,52,37,"31667","26757.80","1600.70",48,34,"1814.80",48,31,0.67,0.67,1.33,1.33,1,38,7,"146094","16.70","24420.90",33,"17.90","26167.30",38,"62648","17.20","10804.30",31,"18.40","11539.60",37,"4016","1554.40",32,"1611",29,46.91,27,47.09,50,"3923","12.40",13,7.25,4.83,"66.60",14,1,7.5,65.02,4.85,"7.50",19,16,17.5,43.6,1.5,"3.40",22,35,28.5,58.22,1.71,"2.90",35,45,40,16,18,19,17.5,102,26.4,23,32.2,25
"Maryland","24017","Charles",60,20,"291436407.30","15.90",9,60,56,"319245892.20","17.40",20,62,61,"42920","41796.30",580.5,53,7,689.6,54,7,0.42,0.42,1,1.25,0.771,57,12,"305508","4.80","14658.80",56,"5.20","15889.90",56,"114312","5.20","5963.80",56,"5.70","6465.30",56,"1112",355.5,24,390,23,7.36,29,-4.55,52,"1691","4.10",42,,,,,,,,,,,,,,,,,,,,,,,,,45,,36,,131,35.1,27,39.3,28
"Maryland","24019","Dorchester",13,10,"2388821303.50","76.30",10,1,18,"2625201871.50","83.90",1,2,49,"11202","6914.80","3668.10",36,57,"4737.40",36,57,0.57,0.57,1.14,1.64,0.982,53,15,"46329","33.80","15681.70",12,"38.80","17998.80",14,"23992","37.80","9058.90",12,"43.10","10344.50",16,"2072","1900.70",63,"1911",58,283,20,340.33,49,"1596","14.20",8,,,,50,50,50,,,,50,50,50,12.5,0.01,"0.10",46,47,46.5,12.51,0.02,"0.10",49,49,49,50,48.3,50,50,5,29.4,21,34.6,23
"Maryland","24025","Harford",58,9,"409498436.10","40.40",11,23,29,"414795460.00","41.00",12,34,46,"91428","46073.40","2727.70",41,27,"3264.10",44,25,0.8,0.8,1.33,1.27,1.05,31,9,"257975","9.90","25598.40",48,"10.90","28102.70",51,"104468","10.40","10897.20",48,"11.40","11926.50",51,308,76.1,20,81,18,-166.77,45,-194.08,58,"7748","8.50",26,5.01,1.97,"39.30",21,2,11.5,5.01,1.97,"39.30",26,1,13.5,30,1.44,"4.80",24,31,27.5,36.54,1.96,"5.40",34,38,36,19,19.5,12,13.5,47,30.5,22,34.3,24
"Maryland","24029","Kent",6,6,"284723736.70","22.10",12,50,36,"321981971.80","25.00",19,53,58,"7901","1239.20",164.2,60,47,195,60,46,0.82,0.82,1.09,1.55,1.068,28,27,"20526","23.80","4888.40",23,"27.00","5543.70",23,"12634","25.80","3257.30",23,"29.30","3704.90",24,"3160","1290.50",36,"1470",34,"1334.67",5,"1333.00",45,867,"11.00",17,,,,47,47,47,,,,47,47,47,2.8,0.07,"2.40",43,40,41.5,2.76,0.08,"2.80",47,46,46.5,46,44.3,47,47,37,31.3,29,36.6,33
"Maryland","24033","Prince Georges",58,4,"71669325.10","17.10",13,57,59,"77712895.60","18.50",43,60,62,"312033","20298.20",504.3,54,20,736.4,53,16,0.97,0.97,1,1,0.987,52,25,"234384","7.20","16885.50",54,"7.60","17751.80",55,"91860","7.60","6940.30",53,"7.90","7274.80",55,828,314.1,30,323,26,-182.56,47,-189,59,,,61,116.6,17.31,"14.80",3,5,4,128.25,17.52,"13.70",7,10,8.5,4.2,0.15,"3.60",39,34,36.5,10.69,0.49,"4.50",39,41,40,20,20.3,8,8.5,7,38.2,18,39.4,22
"Maryland","24035","Queen Annes",18,5,"335864511.10","24.20",14,47,33,"378484821.40","27.20",15,48,59,"14748","13263.90","2995.10",39,55,"4061.60",41,54,0.62,0.62,1.08,1.08,0.846,56,2,"75402","33.20","25024.50",13,"38.70","29180.30",15,"32526","33.90","11031.10",18,"39.50","12863.40",18,"3310","2044.10",44,"2382",45,-104.38,38,-89.13,55,"2450","16.60",6,,,,51,51,51,,,,51,51,51,,,,49,50,49.5,13.68,0.01,"0.10",50,50,50,51,50.3,51,51,49,30.6,40,36.7,45
"Maryland","24037","St. Marys",34,26,"507049492.30","24.10",16,48,5,"563874648.80","26.70",8,49,40,"43340","43051.40","4123.40",34,44,"4712.70",37,42,0.5,0.5,1,1,0.75,58,1,"219228","15.40","33725.80",34,"17.00","37333.60",40,"85524","15.70","13427.40",34,"17.30","14829.30",39,"2892","1172.80",35,"1302",33,-156.07,44,-156.64,57,"3269","48.90",1,,,,,,,,,,,,,,,,,,,,,,,,,,,,,64,25.8,5,32.4,10
"Maryland","24039","Somerset",12,8,"1406216720.60","64.30",15,6,11,"1626911743.80","74.40",2,5,48,"6683",120.5,68.8,62,36,83.4,62,38,0.09,0.09,1.09,1.45,0.682,59,5,"38612","48.50","18741.80",4,"56.50","21815.50",6,"16858","64.50","10878.40",1,"74.20","12513.90",2,"2680","2207.20",57,"2346",54,814.5,11,808.83,46,,,59,,,,38,38,38,,,,38,38,38,0.6,0.04,"7.10",45,24,34.5,3.32,0.53,"15.90",38,24,31,40,36.3,38,38,31,27.9,4,34.6,6
"Maryland","24041","Talbot",18,12,"490714217.20","35.60",17,32,13,"606675228.20","44.00",7,29,51,"19353","18102.30","3185.70",38,54,"4222.50",40,55,0.33,0.33,1.5,1.83,1,39,22,"66604","21.70","14457.40",26,"27.00","17952.80",24,"36430","25.10","9154.30",24,"31.40","11453.10",23,"4084","2778.40",48,"3379",51,718.25,12,712.88,47,"2443","12.60",11,,,,,,,,,,,,,,,,,,,,,,,,,,,,,25,28.3,20,34.8,27
"Maryland","24045","Wicomico",2,5,"229898497.40","36.60",18,31,45,"294480801.00","46.90",22,26,56,"45006",664.6,78.2,61,22,114.9,61,20,0.89,0.89,1.11,1.33,1.056,29,20,"14014","36.60","5128.60",9,"46.90","6569.30",10,"5644","36.60","2065.50",14,"46.90","2645.70",13,132,72.5,42,93,43,-9,30,-10,53,,,62,,,,44,44,44,,,,44,44,44,3,0.01,"0.30",47,44,45.5,3.63,0.22,"6.10",43,36,39.5,47,44.8,44,44,6,33.1,24,36.1,19
"Maryland","24047","Worcester",32,10,"893544550.60","29.40",19,40,19,"1050057240.60","34.60",5,41,28,"24308","23356.60","7994.90",23,58,"11718.10",22,58,1.25,1.08,1.5,1.58,1.354,12,36,"103038","31.50","32417.70",16,"42.80","44128.30",13,"111498","50.50","56334.10",6,"66.50","74166.20",4,"53288","43531.80",56,"49345",59,486,16,502.88,48,"7258","29.90",3,,,,48,48,48,,,,48,48,48,30.8,0.07,"0.20",42,46,44,30.94,0.19,"0.60",44,47,45.5,48,46,48,48,171,29.4,32,31.2,26
"Maryland","24510","Baltimore (city)",400,19,"57334218.10","38.10",6,28,40,"62031264.30","41.20",46,33,27,"337194","316944.90","18752.10",11,9,"22826.80",14,8,,,,,,,63,"1244908","2.60","32041.40",60,"2.90","36313.00",62,"593454","2.90","16952.90",60,"3.30","19350.30",61,"2818",346.6,9,379,9,-102.57,37,-150.24,54,"19213","5.70",39,,,,,,,,,,,,,,,,,,,,,,,,,,,,,16,32.3,3,31.1,2
"New Jersey","34000","State Summary",715,173,"2005039203.00","42.00",27,34.4,30.7,"2354888078.00","49.30",40.3,32,33.5,"3080218","1014346.50","192098.90",22.2,35.8,"301354.70",22.8,36.2,1.07,1.03,1.24,1.21,1.137,,31.2,"2780718","15.80","438870.60",33.2,"20.80","579052.40",31.7,"1253729","21.30","267621.40",32,"28.10","352497.10",30.7,"116093","92415.70",33.3,"102749",519,,30.8,,37,"121360","12.00",39.5,"1151.20",52.1,"4.50",24.3,25.9,25.1,"3033.00",146.9,"4.80",333,25,23.6,770,160.7,"20.90",13.9,14.9,14.43,"1184.30",502,"42.40",14,12.1,13,18.6,19.8,23.7,23.6,252,459.8,29.9,31.6,28.2
"New Jersey","34001","Atlantic",56,17,"354570359.90","47.40",20,16,2,"402214693.90","53.70",13,21,10,"124840","98775.20","53706.50",1,50,"65954.30",2,50,1.18,1,1.64,1.55,1.341,14,29,"209363","32.00","66957.80",15,"45.40","95149.60",12,"100629","39.30","39584.20",11,"55.90","56260.70",8,"14936","12686.10",61,"14472",62,472.48,17,507.37,33,"11524","9.20",24,,,,35,35,35,,,,35,35,35,22.3,3.92,"17.60",11,11,11,22.36,10.64,"47.60",18,7,12.5,24,23,35,35,27,24,8,25.7,5
"New Jersey","34003","Bergen",15,5,"17321361.10","33.90",21,34,35,"17750731.40","34.70",59,40,22,"444086","30208.30","9020.90",20,42,"9345.60",27,35,1,1,1,1,1,40,34,"64496","20.40","13156.00",27,"21.50","13871.30",30,"29410","20.80","6125.30",27,"22.10","6493.20",31,275,79.9,23,87,19,-326.14,57,-359.29,42,"13147","3.00",48,163.11,11.33,"6.90",8,13,10.5,327.78,39.17,"11.90",2,11,6.5,100.4,18.73,"18.70",4,9,6.5,94.18,52.57,"55.80",4,5,4.5,3,8.5,4,6.5,,31.2,,29.5,
"New Jersey","34005","Burlington",30,7,"18347590.80","15.10",22,62,48,"26957185.30","22.20",55,55,50,"200809","40700.20","5051.30",30,31,"7582.20",31,30,1,1,1,1.04,1.009,36,8,"112529","13.20","14874.10",41,"20.60","23198.70",32,"45178","14.10","6360.30",37,"22.50","10171.80",29,132,26.7,15,54,31,-135.58,41,-90.63,41,"6441","3.20",47,106.99,1.78,"1.70",22,26,24,106.99,2.08,"1.90",24,26,25,33.1,0.87,"2.60",29,39,34,53.17,12.71,"23.90",15,16,15.5,34,29,27,25,5,33.4,50,34.7,44
"New Jersey","34007","Camden",29,5,"11211841.40","25.50",23,44,26,"17060020.70","38.80",60,36,35,"201214","31543.40","7399.60",25,38,"11544.40",23,44,1,1,1,1,1,41,10,"112615","12.30","13821.90",42,"19.70","22220.40",34,"44126","12.60","5546.10",43,"20.50","9066.80",34,77,16.1,17,26,22,161.69,24,223.38,36,"2924","1.50",56,50.37,5.23,"10.40",12,9,10.5,50.37,11.49,"22.80",13,3,8,58.2,7.78,"13.40",7,14,10.5,77.2,23.31,"30.20",10,12,11,4,10.5,6,8,8,30.1,42,31.9,32
"New Jersey","34009","Cape May",32,15,"349514134.30","46.40",24,19,4,"422735190.40","56.10",10,19,6,"40684","40366.20","18748.60",12,63,"24012.00",12,63,1.38,1.25,2.31,2,1.734,5,57,"95805","42.50","40742.00",6,"58.10","55654.00",3,"98747","52.60","51891.80",4,"73.20","72313.30",3,"50119","41367.10",58,"47793",61,845.07,10,882.27,31,"9812","24.10",4,,,,43,43,43,,,,43,43,43,37.8,3.39,"9.00",15,20,17.5,116.4,8.81,"7.60",19,34,26.5,35,30.3,43,43,54,25.1,2,24.6,1
"New Jersey","34011","Cumberland",8,13,"288749845.80","36.90",25,30,34,"331156543.50","42.30",18,31,57,"59099","13532.90","2704.80",42,41,"3088.90",45,41,1.08,1,1.46,1.62,1.288,16,28,"26595","29.60","7883.70",18,"33.80","8986.50",20,"8688","39.40","3423.70",10,"44.90","3903.70",14,367,303.2,59,326,56,"1369.83",3,"1374.83",30,"2112","3.60",45,,,,37,37,37,,,,37,37,37,22,3.16,"14.40",16,13,14.5,22.02,4.47,"20.30",28,22,25,28,25.8,37,37,4,30.8,34,36.3,39
"New Jersey","34013","Essex",87,9,"5206726.00","15.80",26,61,49,"12900488.30","39.20",62,35,32,"336420","122792.00","9068.00",19,6,"23663.40",13,5,1,1,1,1,1,42,37,"279793","1.50","4117.30",62,"3.00","8464.90",61,"110243","1.10","1220.40",62,"2.30","2511.70",62,177,2,4,3,4,-95.4,35,-23,38,"7151","2.10",51,48.72,3.31,"6.80",17,14,15.5,138.13,20.5,"14.80",5,7,6,12.5,3.75,"30.10",13,5,9,114.48,65.78,"57.50",2,4,3,7,12.3,3,6,10,33.5,52,31.6,47
"New Jersey","34015","Gloucester",10,7,"64488641.30","40.00",27,24,10,"80796776.40","50.10",42,23,25,"105074","31452.10","8539.30",21,43,"10797.60",26,40,1,1,1,1,1,43,4,"45647","29.60","13525.40",19,"37.60","17162.90",16,"19416","29.60","5742.00",22,"37.50","7283.00",21,14,11.2,54,12,53,254.1,22,254.6,35,"2136","2.00",52,84.18,0.75,"0.90",29,29,29,144.41,9.82,"6.80",15,18,16.5,68.6,22.95,"33.50",3,4,3.5,60.78,36.96,"60.80",6,3,4.5,11,16.3,16,16.5,23,27.3,25,31,20
"New Jersey","34017","Hudson",143,14,"51660508.00","47.00",28,17,22,"67565516.10","61.40",45,13,14,"252557","194540.90","21323.10",7,17,"65169.10",3,23,1,1,1.08,1,1.021,35,40,"573216","11.90","68430.20",44,"15.20","87394.00",44,"240424","13.10","31507.50",42,"16.60","39859.80",40,"1315",595.6,38,704,37,-328.62,58,-333.91,43,"18485","7.30",33,179.78,22.18,"12.30",2,8,5,681.98,43.65,"6.40",1,19,10,231.2,40.93,"17.70",1,10,5.5,335.9,164.97,"49.10",1,6,3.5,1,5.3,10,10,12,29.7,17,27.8,17
"New Jersey","34021","Mercer",25,3,"1395251.40","25.20",29,45,63,"1416785.90","25.60",63,51,60,"245383","9033.10",482.8,55,1,495.8,56,1,,,,,,,62,"84632","3.60","3038.80",58,"3.60","3086.10",60,"34694","4.10","1439.70",57,"4.20","1461.70",60,41,10.1,19,10,16,100,25,-24.5,37,,,,60.78,1.23,"2.00",24,25,24.5,60.78,1.32,"2.20",29,25,27,13,0.38,"3.00",37,37,37,14.7,3.45,"23.50",29,17,23,36,30.8,29,27,6,39.8,45,38.4,48
"New Jersey","34023","Middlesex",67,14,"44557103.90","27.40",30,42,30,"53651578.00","33.00",48,44,43,"413524","98164.60","7658.10",24,26,"10845.10",25,28,1,1,1.03,1,1.007,37,24,"300147","11.80","35498.70",45,"14.10","42457.10",45,"108058","12.50","13527.80",44,"14.70","15926.80",45,546,104,12,119,13,-131,40,-140.29,40,"8802","2.10",50,323.74,2.29,"0.70",19,31,25,323.74,3.33,"1.00",20,30,25,42.4,7.44,"17.50",8,12,10,89.82,23.61,"26.30",9,14,11.5,14,17.5,26,25,30,30.5,26,33.4,29
"New Jersey","34025","Monmouth",79,31,"135973342.80","38.60",31,27,50,"154629266.40","43.90",33,30,52,"256634","133531.50","10744.20",16,49,"15188.40",18,51,1.11,1.04,1.49,1.42,1.263,17,41,"316673","17.50","55471.40",29,"21.40","67665.10",31,"144336","19.50","28095.50",28,"23.60","33991.30",27,"10785","3874.40",27,"4349",30,-100.65,36,-109.18,39,"16089","6.30",36,,,,41,41,41,,,,41,41,41,18.6,1.22,"6.50",27,26,26.5,21.9,2.02,"9.20",32,30,31,37,33.8,41,41,7,33.7,38,34.8,40
"New Jersey","34029","Ocean",86,22,"487017456.70","45.30",32,21,28,"548554217.90","51.00",9,22,23,"162187","100574.80","25232.20",5,62,"33256.00",8,62,1.23,1.17,1.34,1.29,1.257,18,53,"359630","24.40","87628.70",21,"30.50","109808.80",22,"196610","34.20","67330.10",17,"42.50","83462.70",17,"37087","33273.20",62,"34703",60,361.32,19,375.81,34,"13013","8.00",28,,,,34,34,34,,,,34,34,34,10.4,1.24,"11.90",26,15,20.5,6.99,4.53,"64.80",27,2,14.5,30,27.3,34,34,40,30.4,7,30.2,7
"New Jersey","34033","Salem",12,6,"167859252.20","50.50",33,15,1,"203401765.90","61.10",26,14,18,"20660","14612.70","7265.60",27,56,"9145.70",29,56,1,1,1,1,1,44,6,"30496","34.50","10524.60",10,"52.20","15909.90",8,"13323","35.30","4706.70",15,"52.90","7046.60",10,102,64,45,83,50,680,14,775.92,32,"1381","6.70",35,36.91,1.58,"4.30",23,19,21,36.91,2.73,"7.40",22,17,19.5,75.5,40.05,"53.00",2,2,2,79.4,56.36,"71.00",3,1,2,6,11.5,22,19.5,16,23.3,19,28.3,13
"New Jersey","34039","Union",36,5,"7165787.60","16.50",34,59,58,"14097319.90","32.50",61,46,55,"217047","54518.60","5153.90",29,12,"11266.20",24,14,1,1,1,1,1,45,35,"169081","1.90","3200.00",61,"4.70","8023.10",57,"59847","1.90","1120.30",61,"4.60","2744.00",59,120,2.1,5,7,5,-375.64,61,-330.27,44,"8343","3.80",44,96.57,2.47,"2.60",18,24,21,"1161.88",12.81,"1.10",12,29,20.5,24,4.97,"20.70",10,7,8.5,74.93,31.76,"42.40",7,8,7.5,9,14.8,23,20.5,10,37,53,35.9,53
"New York","36000","State Summary",819,229,"1506983375.00","60.10",38.5,10.5,39.1,"1613455179.00","64.30",40.8,10.8,20.9,"5860538","3306215.30","115547.90",27.9,17.9,"318434.40",22.8,20.1,1.64,1.01,1.55,1.03,1.304,,45.1,"3489081","13.40","466930.70",37.5,"16.20","566663.50",37.6,"1525908","15.00","228602.30",38.1,"17.90","272452.90",38.8,"70094","35751.90",23.1,"38488",172,,49.6,,24.8,"307310","9.30",41.3,420.3,49.1,"11.70",20.3,18.6,19.4,639,74.9,"11.70",166,19.5,20.1,326.4,19.9,"6.10",22,24.5,23.25,638.1,79.2,"12.40",20.1,26.8,23.4,20.6,21.4,19.8,20.1,211,259.6,23.4,27.8,23.4
"New York","36005","Bronx",65,10,"31551285.00","67.30",35,4,54,"33276235.00","71.00",54,6,33,"299438","109345.90","2797.50",40,18,"4543.70",38,18,3,1,1,1,1.5,6,56,"260621","8.80","23011.90",51,"9.20","23892.00",53,"100860","9.00","9081.50",52,"9.30","9413.70",53,466,95.1,16,96,11,-73.08,33,-124.67,24,"4787","1.60",55,117.53,4.89,"4.20",13,20,16.5,177.82,11.2,"6.30",14,20,17,24.8,2.53,"10.20",19,18,18.5,62.37,8.74,"14.00",20,25,22.5,13,17.5,18,17,11,34.7,13,31.6,14
"New York","36047","Kings",275,20,"64521475.20","72.50",36,3,53,"70047688.30","78.70",44,4,15,"687358","423894.50","9739.60",18,8,"32226.20",11,10,2,1,4,1,2,3,59,"920820","2.70","25287.80",59,"4.40","40316.10",59,"357664","2.90","10365.70",59,"4.80","17193.50",57,"3092",120.7,6,260,6,-292.84,56,-304.74,27,"26792","3.90",43,12.16,0.7,"5.80",30,15,22.5,21.13,1.65,"7.80",27,14,20.5,13,1.39,"10.70",25,16,20.5,115.24,5.7,"4.90",26,39,32.5,22,21.5,24,20.5,27,34.6,16,28,15
"New York","36059","Nassau",29,34,"181475302.70","63.60",37,7,21,"202022207.30","70.80",27,7,9,"622087","189982.10","27356.30",4,33,"52744.70",6,36,1.03,1.01,1.12,1.04,1.05,30,47,"133565","41.60","55592.60",8,"56.80","75929.10",4,"55251","43.80","24172.70",8,"59.10","32676.70",7,"2179","1740.00",53,"1959",57,-267.48,55,-259.44,26,"16097","2.60",49,,,,40,40,40,,,,40,40,40,25.3,2.67,"10.60",18,17,17.5,64.09,7.01,"10.90",21,29,25,33,28.8,40,40,38,29.6,6,25.4,4
"New York","36061","New York",160,44,"17731403.30","57.80",38,13,3,"19427435.60","63.30",58,11,1,"2415773","1881693.90","18729.60",13,5,"138257.90",1,6,2,1,1,1,1.25,20,52,"917906","17.30","158474.80",30,"18.80","172547.60",36,"489490","16.50","80999.30",32,"18.10","88659.20",38,"23011","4522.50",14,"4931",12,-443.29,63,-503.42,29,"201519","8.30",27,45.08,13.19,"29.30",6,3,4.5,45.74,15.62,"34.10",9,2,5.5,37.1,7.26,"19.60",9,8,8.5,57.33,12.42,"21.70",16,21,18.5,2,6.5,2,5.5,14,25,12,18.1,12
"New York","36081","Queens",32,8,"43265987.20","65.00",39,5,31,"54598634.80","82.10",47,3,4,"647912","54003.90","3911.30",35,24,"12178.70",21,37,2,1,1,1,1.25,21,51,"137411","28.70","39379.10",20,"49.60","68192.90",9,"53740","29.90","16063.60",21,"50.00","26866.50",12,"1638","1132.60",50,"1273",47,-63,32,-23.33,23,"11926","1.80",53,79.46,11.36,"14.30",7,6,6.5,225.56,26.28,"11.70",3,12,7.5,54,3.76,"7.00",12,25,18.5,59.84,19.95,"33.30",11,11,11,8,12.5,5,7.5,26,30.5,11,23.9,8
"New York","36085","Richmond",105,13,"36973144.40","37.80",40,29,46,"44583867.60","45.50",52,28,13,"115173","113340.50","8125.60",22,11,"14115.60",19,11,1,1,2,1,1.25,22,50,"464204","9.20","42748.90",50,"11.80","54738.20",49,"173854","9.20","15976.20",50,"11.80","20455.10",50,724,52.4,7,73,7,-188.7,49,-199.74,25,"8558","7.40",32,61.75,4.38,"7.10",15,12,13.5,64.59,5.52,"8.50",17,13,15,15.2,0.6,"3.90",34,33,33.5,20.61,3.33,"16.10",31,23,27,25,23.5,14,15,4,33.3,37,27,36
"New York","36103","Suffolk",41,74,"1045812945.10","59.90",41,11,44,"1100377238.40","63.00",4,12,45,"650509","326921.50","42691.30",47,25,"59892.00",47,24,1.06,1.04,1.25,1.16,1.131,26,3,"165034","43.30","71395.50",35,"46.10","76088.80",41,"105775","47.70","50407.20",36,"51.00","53973.80",44,"37673","27761.10",18,"29561",15,225.88,50,214.55,16,"32817","5.00",14,,,,46,46,46,,,,46,46,46,127.2,0.71,"0.60",31,43,37,144.7,6.86,"4.70",22,40,31,44,41.5,46,46,88,32.9,57,33.8,57
"New York","36119","Westchester",112,26,"85651832.70","58.50",42,12,61,"89121872.20","60.90",40,15,47,"422288","207033.00","2196.70",44,19,"4475.60",39,19,1,1,1,1,1,46,43,"489520","10.40","51040.10",47,"11.20","54958.80",50,"189274","11.40","21536.10",47,"12.30","23214.40",49,"1311",327.5,21,335,17,-351.22,59,-378.41,28,"4814","1.10",57,104.17,14.45,"13.90",5,7,6,104.17,14.55,"14.00",10,9,9.5,29.8,0.89,"3.00",28,36,32,114.02,15.24,"13.40",14,26,20,18,19,9,9.5,3,39,35,34.3,41
"Pennsylvania","42000","State Summary",446,65,"64963912.00","22.50",44,45.3,50.7,"92694052.00","32.10",55.3,40.3,26.7,"1142264","756812.20","49917.00",25.3,3,"76405.40",23,3,1,1,1,1,1,,37,"1790553","1.60","28939.00",56.3,"2.10","38171.50",56.3,"766710","1.70","13087.50",56.7,"2.30","17254.60",56.3,"98340","1795.90",2,"2321",6,,55.3,,20,"40006","5.30",52,532.7,11.3,"2.10",19.3,24.7,22,841.7,20.6,"2.40",56,25.3,22,190.6,12.6,"6.60",17.3,27.7,22.5,322,67.7,"21.00",18.3,27,22.7,22.3,22.3,22.7,22,109,105,40,30.3,37
"Pennsylvania","42017","Bucks",37,8,"21505359.10","18.90",43,52,62,"26537174.00","23.30",56,54,44,"259721","76054.60","5345.70",28,2,"6646.60",32,2,,,,,,,61,"159507","3.70","5962.40",57,"4.50","7248.10",58,"65216","3.90","2537.00",58,"4.70","3068.80",58,"4978",253.4,3,304,3,-234.06,53,-268.29,20,,,60,275.85,2.27,"0.80",20,30,25,275.85,2.5,"0.90",23,31,27,14.3,0.68,"4.70",32,32,32,24.12,1,"4.10",37,43,40,32,28.5,28,27,43,39.5,41,33.7,42
"Pennsylvania","42045","Delaware",26,9,"18721672.70","34.10",44,33,51,"26217679.80","47.70",57,24,24,"219145","33638.90","2183.20",45,3,"6107.70",33,4,1,1,1,1,1,47,17,"80081","9.90","7918.90",49,"12.70","10171.30",48,"33412","9.90","3300.40",49,"12.70","4246.50",48,"4581",582.6,2,749,2,-206.69,51,-202.13,19,"2461","1.10",58,34.71,0.91,"2.60",28,23,25.5,34.71,2.03,"5.80",25,21,23,42,3.5,"8.30",14,23,18.5,75.17,17.13,"22.80",13,18,15.5,23,22,25,23,16,34,43,30.6,38
"Pennsylvania","42101","Philadelphia",383,48,"24736880.00","20.60",45,51,39,"39939197.70","33.30",53,43,12,"663398","647118.70","42388.10",3,4,"63651.10",4,3,1,1,1,1,1,48,33,"1550965","1.00","15057.70",63,"1.30","20752.10",63,"668082","1.10","7250.10",63,"1.50","9939.30",63,"88781",959.9,1,"1267",1,-391.02,62,-396.1,21,"37545","5.90",38,222.19,8.05,"3.60",10,21,15.5,531.23,16.09,"3.00",8,24,16,134.3,8.36,"6.20",6,28,17,222.65,49.61,"22.30",5,20,12.5,12,16.3,15,16,50,31.5,36,26.6,31
"Virginia","51000","State Summary",388,152,"3705800351.00","39.20",54.5,32.2,32.9,"4147752475.00","43.80",32.2,33.1,21.4,"646495","609432.00","76544.60",39.7,37.7,"118869.40",40.1,37.6,1.52,1.06,1.89,1.26,1.43,,39.9,"1522313","15.90","242031.20",23,"21.40","325269.00",22.8,"652662","16.90","110543.90",24.2,"22.30","145603.60",24,"22073","11377.00",36.2,"12519",657,,23.4,,9.8,"77115","12.70",21.3,341,34.5,"10.10",28.6,26.2,27.4,327.7,79.2,"24.20",292,24.3,26.8,103.7,40.7,"39.20",38.3,32.5,35.4,215.1,27.3,"12.70",36.1,33.2,34.7,29.4,31.4,25.7,26.8,51,563.6,40.5,28.5,41.3
"Virginia","51001","Accomack",10,29,"1176500299.00","60.70",46,10,6,"1301181246.20","67.20",3,8,11,"13051","9361.30","2119.20",46,59,"3066.00",46,61,1.08,1.21,1.17,1.25,1.177,25,26,"33115","50.80","16824.90",3,"56.80","18793.50",5,"21031","57.00","11985.90",3,"62.60","13160.80",5,"4239","3446.00",55,"3567",52,"1202.90",8,"1203.10",6,"1171","9.00",25,,,,,,,,,,,,,,,,,,,,,,,,,,,,,14,26,9,26.4,11
"Virginia","51073","Gloucester",8,4,"234753843.40","33.30",47,36,25,"270399302.70","38.40",24,37,20,"9341",720.2,181.3,59,37,229.9,59,33,1,1,2,1.67,1.417,9,42,"37001","31.20","11550.20",17,"34.70","12825.10",19,"16066","32.70","5254.40",20,"36.30","5830.50",22,757,377.3,39,411,38,702.71,13,699,8,954,"10.20",22,,,,,,,,,,,,,,,,,,,,,,,,,11,,16,,2,29.9,39,28.9,43
"Virginia","51093","Isle of Wight",8,5,"144135414.60","18.70",49,53,43,"149468550.70","19.40",34,59,29,"10806","8446.50",889.7,51,29,981.7,51,27,1,1,1,1.14,1.036,33,19,"35740","23.60","8421.80",24,"24.70","8814.20",25,"15001","23.90","3587.40",25,"25.00","3752.50",25,174,66.4,31,68,27,-35.71,31,-41.86,11,847,"7.80",30,,,,39,39,39,,,,39,39,39,1.1,0.11,"10.10",40,19,29.5,1.08,0.12,"11.00",46,28,37,38,34.3,39,39,3,32.7,49,31.2,46
"Virginia","51095","James City",11,3,"127926015.20","32.60",50,38,57,"135675159.80","34.50",35,42,41,"28975","27750.70","4218.30",33,52,"4822.10",35,49,,,,,,,60,"70673","22.80","16099.20",25,"24.20","17068.40",26,"31392","22.40","7024.30",26,"23.70","7443.60",26,"1232",553.3,37,590,35,412.71,18,401.71,9,"3728","12.90",9,,,,49,49,49,,,,49,49,49,16,0.05,"0.30",44,45,44.5,16.05,0.05,"0.30",48,48,48,49,46.8,49,49,,36,51,32.6,55
"Virginia","51103","Lancaster",3,5,"159137034.80","32.60",51,37,37,"170290604.20","34.90",29,39,30,"4509","4241.30",667.7,52,46,927.5,52,43,1,1,1,1,1,49,32,"11129","32.90","3658.40",14,"35.40","3940.30",18,"7544","34.90","2632.00",16,"37.60","2834.80",20,"1609","1039.70",46,"1115",42,"1336.00",4,"1333.00",3,200,"4.40",41,,,,,,,,,,,,,,,,,,,,,,,,,,,,,,31.4,,31.3,
"Virginia","51115","Mathews",2,13,"154235530.60","46.00",52,20,27,"196209999.80","58.50",28,17,19,"1493","1434.20",294.6,58,39,503.6,55,45,1,1,1.5,2.5,1.5,7,45,"8880","42.20","3745.90",7,"52.40","4654.70",7,"5702","43.30","2471.30",9,"54.30","3094.40",9,"1309",872.3,47,"1062",49,"1388.50",2,"1386.00",2,101,"6.80",34,,,,,,,,,,,,,,,,,,,,,,,,,,,,,,30.1,,28.7,
"Virginia","51119","Middlesex",4,10,"150990862.50","31.60",53,39,32,"157310536.70","32.90",31,45,21,"3287",20.2,2.2,63,28,2.7,63,26,1,1,1.33,2,1.333,15,54,"10717","34.40","3688.90",11,"35.90","3842.40",17,"7211","37.50","2703.20",13,"39.10","2817.30",19,"1998","1365.50",49,"1424",44,"1318.00",6,"1303.50",4,205,"6.20",37,,,,,,,,,,,,,,,,,,,,,,,,,14,,26,,3,30.6,,29.5,
"Virginia","51131","Northampton",3,11,"579931133.70","61.30",56,9,41,"608854469.30","64.30",6,10,38,"5197","5259.90","1189.70",50,61,"1526.60",49,60,1,1,1.6,1.8,1.35,13,39,"12184","56.40","6874.90",1,"59.80","7289.00",2,"7323","57.50","4211.40",2,"60.80","4454.30",6,845,716.4,60,741,55,"1447.00",1,"1447.00",1,480,"9.20",23,,,,45,45,45,,,,45,45,45,31,0.54,"1.70",35,41,38,32.88,2,"6.10",33,37,35,43,41.5,45,45,3,32.4,44,32.2,49
"Virginia","51133","Northumberland",3,7,"98364681.80","17.10",57,56,42,"113515594.30","19.70",36,58,26,"2491","2424.00",377.8,56,53,428.3,57,53,1.75,1.75,1,1,1.375,10,46,"12304","18.90","2327.20",28,"21.80","2687.90",28,"9096","19.20","1750.20",29,"22.20","2022.90",30,"2161",605,22,700,20,"1269.33",7,"1266.67",5,430,"17.30",5,,,,,,,,,,,,,,,,,,,,,,,,,,,,,,32.4,46,31,50
"Virginia","51193","Westmoreland",4,5,"77822564.90","11.90",62,63,55,"86568282.00","13.20",41,63,54,"3424","3266.60",322.7,57,48,369.4,58,47,1,1,1,1,1,50,31,"17557","12.20","2144.40",43,"13.50","2375.10",46,"10752","12.50","1340.60",45,"13.80","1486.70",46,"2530",496.1,13,553,14,"1179.75",9,"1172.25",7,426,"12.40",12,,,,32,27,29.5,,,,32,27,29.5,,,,51,51,51,,,,51,51,51,,40.3,,29.5,1,34.8,55,35.5,54
"Virginia","51199","York",14,5,"88937306.30","26.00",63,43,38,"100274440.00","29.30",38,47,16,"21738","21441.30","2550.90",43,35,"3717.10",43,34,2.5,1,1,1,1.375,11,23,"66471","15.30","10179.80",36,"19.50","12940.60",35,"27150","15.80","4289.10",33,"19.80","5371.30",35,667,219.6,25,240,24,-139.15,42,-141.31,14,,,7,,,"346400.00",,,,0.16,36.19,"52.30",,,,0,36.19,"53.80",,,,0.01,,,,,,42,,31,,4,31.4,28,28.1,30
"Virginia","51650","Hampton (city)",33,7,"79680273.50","46.90",48,18,52,"102009566.20","60.00",37,16,3,"53937","45522.80","5032.70",31,23,"9000.70",30,22,3,1,4,1,2.25,2,55,"137081","14.20","19519.70",38,"23.70","32501.80",27,"60168","13.90","8380.70",40,"22.90","13784.70",28,186,70.2,29,109,40,-171.59,46,-116.59,15,"5529","10.30",21,123.07,22.39,"18.20",1,4,2.5,127.44,23.58,"18.50",4,4,4,,,,50,48,49,6.45,0.28,"4.40",42,42,42,27,25.8,1,4,4,34.4,,23,
"Virginia","51700","Newport News (city)",44,8,"147510791.80","62.60",54,8,23,"155885503.40","66.10",32,9,5,"96225","97218.10","4379.60",32,10,"5853.30",34,9,4,1,4,1,2.5,1,58,"181323","16.70","30360.20",32,"17.80","32293.10",39,"77175","15.30","11811.70",35,"16.20","12465.50",41,272,34.1,10,36,8,-88.39,34,-108.61,12,"7400","7.70",31,10.58,0.98,"9.30",26,11,18.5,10.58,1.53,"14.50",28,8,18,12.9,0.62,"4.80",33,30,31.5,71.13,5.77,"8.10",25,32,28.5,26,25,20,18,1,29.8,,24.3,
"Virginia","51710","Norfolk (city)",80,14,"36178597.10","28.60",55,41,14,"48447576.40","38.30",50,38,2,"140246","138317.30","19240.10",9,14,"32955.90",10,15,2,1,4,1,2,4,49,"245452","14.40","35453.60",37,"21.70","53199.20",29,"96121","14.00","13427.60",39,"21.50","20637.30",33,408,76.5,11,135,21,-210.77,52,-186.75,17,"15257","10.90",18,96.89,9.06,"9.30",9,10,9.5,79.08,13.48,"17.10",11,6,8.5,23.9,2.13,"8.90",21,21,21,50.56,11.37,"22.50",17,19,18,10,15.3,7,8.5,1,28.6,47,20.8,37
"Virginia","51735","Poquoson (city)",3,1,"43330356.80","75.20",58,2,16,"51512110.70","89.40",49,1,17,"1740","1659.00","1213.20",49,32,"1470.20",50,32,1,1,2,1,1.25,23,30,"12077","51.40","6203.70",2,"76.80","9271.20",1,"4751","50.80","2412.20",5,"76.50","3632.90",1,20,14.4,51,20,63,80.67,26,149.33,10,203,"11.70",16,,,,,,,,,,,,,,,,,,,,,,,,,,,,,,28.8,48,28.1,52
"Virginia","51740","Portsmouth (city)",31,7,"37236928.20","38.90",59,26,15,"45346942.80","47.40",51,25,7,"43715","44589.80","10220.80",17,16,"15364.00",17,21,1,1,2,1,1.25,24,18,"96135","13.60","13052.10",39,"20.40","19595.30",33,"40987","14.00","5753.40",38,"21.50","8829.20",32,87,46.6,41,53,41,-127.88,39,-63.47,13,"13839","31.70",2,19.22,0.97,"5.10",27,17,22,19.22,3.32,"17.30",21,5,13,0.2,0.17,"73.00",38,1,19.5,15.35,5.92,"38.60",23,9,16,21,20.8,11,13,5,28.7,56,24.6,51
"Virginia","51800","Suffolk City",28,7,"83503425.40","16.70",60,58,9,"89497544.90","17.90",39,61,8,"29850","28242.10","2098.70",2,51,"2269.80",5,52,1,1,1,1,1,51,48,"86184","15.30","13210.40",5,"16.20","13984.70",11,"34368","14.80","5096.30",7,"15.70","5388.70",11,197,44.3,52,46,48,-189.07,23,-209.13,22,"3675","12.30",40,10.94,0.04,"0.40",33,32,32.5,10.94,0.04,"0.40",33,32,32.5,5.3,0.08,"1.50",41,42,41.5,6.02,0.43,"7.20",40,35,37.5,41,37,33,32.5,5,27,1,25,3
"Virginia","51810","Virginia Beach",99,11,"285625289.90","43.60",61,22,60,"365305045.30","55.70",17,20,39,"176470","169516.70","21545.40",6,45,"35380.60",7,48,1.5,1,2.5,1,1.5,8,44,"448290","8.60","38715.90",52,"15.40","69192.50",43,"180824","9.10","16412.20",51,"15.80","28596.20",43,"3382","1333.30",33,"1647",36,-354.71,60,-320.87,18,"22670","12.80",10,80.35,1.01,"1.30",25,28,26.5,80.35,1.06,"1.30",30,28,29,13.3,0.87,"6.50",30,27,28.5,15.69,1.33,"8.50",36,31,33.5,31,27.5,30,29,5,38.6,54,32.3,56
"Mid-Atlantic Region","84000","Mid Atlantic Summary","3603",864,"16593053285.00","38.70",32,32,32,"18713858747.00","43.60",32,32,32,"12811986","6825563.10","556624.10",32,32,"973343.30",32,32,1.17,0.94,1.45,1.22,1.193,,32,"14613310","11.70","1712511.50",32,"14.60","2129153.80",32,"6428518","14.20","911846.60",32,"17.60","1134400.70",32,"429804","221577.50",32,"248488","2016.00",,32,,32,"657299","9.60",31.5,"3434.50",193.6,"5.60",26,26,26,"5929.10",375.5,"6.30","1272.00",26,26,"1621.70",256.1,"15.80",25.7,25.6,25.67,"2770.20",722.3,"26.10",25.9,26.6,26.2,26.1,25.9,26.4,26,"2004","1962.70",29,31.1,29
